experiment,net,kind,algorithm,feature_augmentation,data_augmentation,hair_removal,segmentation,model_idx,accuracy,macro_avg_precision,macro_avg_recall,macro_avg_f1
cnn_classifier_Inception_use_augmentation_,Inception,classifier,,False,False,False,False,1.0,0.8556220891550232,0.7453224517089024,0.7209470869299291,0.729021578415038
cnn_classifier_Inception_use_augmentation_,Inception,classifier,,False,False,False,False,2.0,0.8409846972721224,0.7416305053854831,0.7215793942022221,0.7297245183878011
cnn_classifier_Inception_use_augmentation_,Inception,classifier,,False,False,False,False,3.0,0.8409846972721224,0.7409754117530598,0.7032086947007213,0.7202012199752507
cnn_classifier_Inception_use_augmentation_,Inception,classifier,,False,False,False,False,4.0,0.8476380572188955,0.7228570462072141,0.7079437089460209,0.7143672000679766
cnn_classifier_Inception_use_augmentation_,Inception,classifier,,False,False,False,False,5.0,0.833666001330672,0.7105229069112431,0.696570238198251,0.7023494199242163
cnn_classifier_Inception_use_augmentation_,Inception,classifier,,False,False,False,False,6.0,0.8256819693945442,0.7176801801201164,0.6625384244711334,0.6818295337792023
cnn_classifier_Inception_use_augmentation_,Inception,classifier,,False,False,False,False,7.0,0.8403193612774451,0.7263473869061146,0.7115589446102003,0.7169949506557275
cnn_classifier_Inception_use_augmentation_,Inception,classifier,,False,False,False,False,8.0,0.8330006653359947,0.7081716393109806,0.7160406030141833,0.710979516221046
cnn_classifier_Inception_use_augmentation_,Inception,classifier,,False,False,False,False,9.0,0.8356620093147039,0.7064557567782008,0.6998331883958525,0.7010390424417086
cnn_classifier_Inception_use_augmentation_,Inception,classifier,,False,False,False,False,10.0,0.8310046573519627,0.6940203393628629,0.6867601685292603,0.6894921947395689
cnn_classifier_ResNet_use_augmentation_,Resnet,classifier,,False,False,False,False,1.0,0.8962075848303394,0.8555393326498576,0.8107307132416335,0.8312602260268236
cnn_classifier_ResNet_use_augmentation_,Resnet,classifier,,False,False,False,False,2.0,0.89354624085163,0.8519178029153496,0.8095186189007945,0.8286196778747966
cnn_classifier_ResNet_use_augmentation_,Resnet,classifier,,False,False,False,False,3.0,0.8908848968729208,0.8406561200848044,0.8023823382527612,0.8197798711826915
cnn_classifier_ResNet_use_augmentation_,Resnet,classifier,,False,False,False,False,4.0,0.8982035928143712,0.8888786229030242,0.8294501485513232,0.8567959623264153
cnn_classifier_ResNet_use_augmentation_,Resnet,classifier,,False,False,False,False,5.0,0.8922155688622755,0.8601789153198448,0.7972835960542904,0.8250474343233261
cnn_classifier_ResNet_use_augmentation_,Resnet,classifier,,False,False,False,False,6.0,0.8902195608782435,0.8650639043496187,0.8141662736389007,0.8374449198240665
cnn_classifier_ResNet_use_augmentation_,Resnet,classifier,,False,False,False,False,7.0,0.8888888888888888,0.8553552624321679,0.8197984744249063,0.8362199936565283
cnn_classifier_ResNet_use_augmentation_,Resnet,classifier,,False,False,False,False,8.0,0.8968729208250167,0.8575717945205661,0.8290959010369414,0.8417758114661359
cnn_classifier_ResNet_use_augmentation_,Resnet,classifier,,False,False,False,False,9.0,0.9015302727877578,0.852350254793444,0.8226026616415297,0.8354937547473451
cnn_classifier_ResNet_use_augmentation_,Resnet,classifier,,False,False,False,False,10.0,0.8975382568196939,0.8668924196797096,0.8188870934514078,0.8415177403547759
cnn_classifier_VGG19_use_augmentation_,Vgg19,classifier,,False,False,False,False,1.0,0.8729208250166334,0.8401195143592463,0.7715060973543547,0.8028167161800643
cnn_classifier_VGG19_use_augmentation_,Vgg19,classifier,,False,False,False,False,2.0,0.8789088489687292,0.841821256594257,0.7813730158581782,0.8083886196329574
cnn_classifier_VGG19_use_augmentation_,Vgg19,classifier,,False,False,False,False,3.0,0.863606121091151,0.8123898396747554,0.7312809252105622,0.7661178048770398
cnn_classifier_VGG19_use_augmentation_,Vgg19,classifier,,False,False,False,False,4.0,0.8769128409846972,0.8254237876503259,0.7580230526985148,0.788608044904921
cnn_classifier_VGG19_use_augmentation_,Vgg19,classifier,,False,False,False,False,5.0,0.8669328010645376,0.816493219344002,0.7640999833074178,0.7853503524681811
cnn_classifier_VGG19_use_augmentation_,Vgg19,classifier,,False,False,False,False,6.0,0.8769128409846972,0.8321175595985935,0.7726301927066702,0.7988430593098853
cnn_classifier_VGG19_use_augmentation_,Vgg19,classifier,,False,False,False,False,7.0,0.8729208250166334,0.8099652039355936,0.7920803586568299,0.7996831798497466
cnn_classifier_VGG19_use_augmentation_,Vgg19,classifier,,False,False,False,False,8.0,0.8735861610113107,0.8220207880390803,0.7714826242493901,0.7950459625150292
cnn_classifier_VGG19_use_augmentation_,Vgg19,classifier,,False,False,False,False,9.0,0.8715901530272788,0.819495465049353,0.7923068452823251,0.804880687291165
cnn_classifier_VGG19_use_augmentation_,Vgg19,classifier,,False,False,False,False,10.0,0.8795741849634066,0.8192873509859572,0.7987053042942119,0.8072014150085213
cnn_classifier_Xception_use_augmentation_,Xception,classifier,,False,False,False,False,1.0,0.8915502328675982,0.847786769024328,0.8188444167710864,0.8320212129210783
cnn_classifier_Xception_use_augmentation_,Xception,classifier,,False,False,False,False,2.0,0.9008649367930806,0.8730790279603676,0.8539532582514878,0.8629754018338577
cnn_classifier_Xception_use_augmentation_,Xception,classifier,,False,False,False,False,3.0,0.8895542248835662,0.8578243853233437,0.8251937922129223,0.8395992000975889
cnn_classifier_Xception_use_augmentation_,Xception,classifier,,False,False,False,False,4.0,0.8882235528942116,0.8389186004894281,0.7882331049315985,0.8119837377406912
cnn_classifier_Xception_use_augmentation_,Xception,classifier,,False,False,False,False,5.0,0.8988689288090486,0.8627104335435638,0.8323081131633815,0.8459177306472275
cnn_classifier_Xception_use_augmentation_,Xception,classifier,,False,False,False,False,6.0,0.895542248835662,0.865344824039117,0.8363077699014048,0.8497755555061752
cnn_classifier_Xception_use_augmentation_,Xception,classifier,,False,False,False,False,7.0,0.8888888888888888,0.8441340908296573,0.8238161786680938,0.832148811193459
cnn_classifier_Xception_use_augmentation_,Xception,classifier,,False,False,False,False,8.0,0.895542248835662,0.8522868767067189,0.8197858307485696,0.8346489513295315
cnn_classifier_Xception_use_augmentation_,Xception,classifier,,False,False,False,False,9.0,0.8968729208250167,0.8639191101291556,0.8227917888142036,0.8420624254129568
cnn_classifier_Xception_use_augmentation_,Xception,classifier,,False,False,False,False,10.0,0.8875582168995343,0.8301483600918849,0.8340526293195639,0.8307451513471634
feature_extraction_Inception_use_augmentation_,Inception,feature_extractor,adaboost,False,False,False,False,1.0,0.7684630738522954,0.4357147643297469,0.3278145413602985,0.3613719629798803
feature_extraction_Inception_use_augmentation_,Inception,feature_extractor,adaboost,False,False,False,False,2.0,0.7684630738522954,0.4357147643297469,0.3278145413602985,0.3613719629798803
feature_extraction_Inception_use_augmentation_,Inception,feature_extractor,adaboost,False,False,False,False,3.0,0.7684630738522954,0.4357147643297469,0.3278145413602985,0.3613719629798803
feature_extraction_Inception_use_augmentation_,Inception,feature_extractor,adaboost,False,False,False,False,4.0,0.7684630738522954,0.4357147643297469,0.3278145413602985,0.3613719629798803
feature_extraction_Inception_use_augmentation_,Inception,feature_extractor,adaboost,False,False,False,False,5.0,0.7684630738522954,0.4357147643297469,0.3278145413602985,0.3613719629798803
feature_extraction_Inception_use_augmentation_,Inception,feature_extractor,adaboost,False,False,False,False,6.0,0.7684630738522954,0.4357147643297469,0.3278145413602985,0.3613719629798803
feature_extraction_Inception_use_augmentation_,Inception,feature_extractor,adaboost,False,False,False,False,7.0,0.7684630738522954,0.4357147643297469,0.3278145413602985,0.3613719629798803
feature_extraction_Inception_use_augmentation_,Inception,feature_extractor,adaboost,False,False,False,False,8.0,0.7684630738522954,0.4357147643297469,0.3278145413602985,0.3613719629798803
feature_extraction_Inception_use_augmentation_,Inception,feature_extractor,adaboost,False,False,False,False,9.0,0.7684630738522954,0.4358038058682671,0.3278145413602985,0.3614265373317241
feature_extraction_Inception_use_augmentation_,Inception,feature_extractor,adaboost,False,False,False,False,10.0,0.7684630738522954,0.4357147643297469,0.3278145413602985,0.3613719629798803
feature_extraction_Inception_use_augmentation_,Inception,feature_extractor,extratrees,False,False,False,False,1.0,0.8356620093147039,0.7581740226066588,0.6781298413070574,0.7140900705361001
feature_extraction_Inception_use_augmentation_,Inception,feature_extractor,extratrees,False,False,False,False,2.0,0.8356620093147039,0.7557545183849338,0.6609947004476965,0.7022876327926406
feature_extraction_Inception_use_augmentation_,Inception,feature_extractor,extratrees,False,False,False,False,3.0,0.8369926813040586,0.7563786038028277,0.6720276363127897,0.709701784822153
feature_extraction_Inception_use_augmentation_,Inception,feature_extractor,extratrees,False,False,False,False,4.0,0.8349966733200266,0.7355327219140853,0.6614858614754546,0.6947170669208942
feature_extraction_Inception_use_augmentation_,Inception,feature_extractor,extratrees,False,False,False,False,5.0,0.8363273453093812,0.7418369829040365,0.6710913922576468,0.7029575796406032
feature_extraction_Inception_use_augmentation_,Inception,feature_extractor,extratrees,False,False,False,False,6.0,0.8383233532934131,0.7462812397514502,0.6787185995010824,0.7091755672991497
feature_extraction_Inception_use_augmentation_,Inception,feature_extractor,extratrees,False,False,False,False,7.0,0.8356620093147039,0.7420845121000799,0.6713160765819374,0.7033677950810687
feature_extraction_Inception_use_augmentation_,Inception,feature_extractor,extratrees,False,False,False,False,8.0,0.8349966733200266,0.7471089796562378,0.6704295379708479,0.7050049381287772
feature_extraction_Inception_use_augmentation_,Inception,feature_extractor,extratrees,False,False,False,False,9.0,0.8403193612774451,0.7500125040987865,0.678335614049339,0.7109093370246581
feature_extraction_Inception_use_augmentation_,Inception,feature_extractor,extratrees,False,False,False,False,10.0,0.8369926813040586,0.7455195967910261,0.6661121773568114,0.7013619560475507
feature_extraction_Inception_use_augmentation_,Inception,feature_extractor,randomforest,False,False,False,False,1.0,0.8363273453093812,0.7791832754026545,0.659967284261587,0.7114920460767584
feature_extraction_Inception_use_augmentation_,Inception,feature_extractor,randomforest,False,False,False,False,2.0,0.8330006653359947,0.782787862792134,0.6535989977759843,0.708672964992797
feature_extraction_Inception_use_augmentation_,Inception,feature_extractor,randomforest,False,False,False,False,3.0,0.8349966733200266,0.7954168214981711,0.6562067692460313,0.7144955041334813
feature_extraction_Inception_use_augmentation_,Inception,feature_extractor,randomforest,False,False,False,False,4.0,0.8303393213572854,0.7837447743869168,0.652674656763418,0.7083546841215219
feature_extraction_Inception_use_augmentation_,Inception,feature_extractor,randomforest,False,False,False,False,5.0,0.8356620093147039,0.7829070922617819,0.6557363459635617,0.7098346544381444
feature_extraction_Inception_use_augmentation_,Inception,feature_extractor,randomforest,False,False,False,False,6.0,0.833666001330672,0.7833356448741793,0.6497110538185522,0.7058861278870562
feature_extraction_Inception_use_augmentation_,Inception,feature_extractor,randomforest,False,False,False,False,7.0,0.833666001330672,0.7834157063051231,0.6507005405223246,0.7062632376690683
feature_extraction_Inception_use_augmentation_,Inception,feature_extractor,randomforest,False,False,False,False,8.0,0.8349966733200266,0.7828582322499227,0.6476693531908776,0.7043777917712789
feature_extraction_Inception_use_augmentation_,Inception,feature_extractor,randomforest,False,False,False,False,9.0,0.8369926813040586,0.7887732564759082,0.6583960069163819,0.7139418541367272
feature_extraction_Inception_use_augmentation_,Inception,feature_extractor,randomforest,False,False,False,False,10.0,0.8330006653359947,0.7745002045820357,0.653343675698473,0.7053137611381143
feature_extraction_Inception_use_augmentation_,Inception,feature_extractor,xgboost,False,False,False,False,1.0,0.825016633399867,0.7761972058139305,0.6122967864582728,0.67417214635608
feature_extraction_Inception_use_augmentation_,Inception,feature_extractor,xgboost,False,False,False,False,2.0,0.8263473053892215,0.7650168108412397,0.6140180193172303,0.6735493226524099
feature_extraction_Inception_use_augmentation_,Inception,feature_extractor,xgboost,False,False,False,False,3.0,0.8256819693945442,0.7805773494661938,0.6138760142050462,0.6768605020051275
feature_extraction_Inception_use_augmentation_,Inception,feature_extractor,xgboost,False,False,False,False,4.0,0.8236859614105123,0.7769056863152546,0.6120127762339047,0.6742645637757662
feature_extraction_Inception_use_augmentation_,Inception,feature_extractor,xgboost,False,False,False,False,5.0,0.8263473053892215,0.7785591101171045,0.6140180193172303,0.6761317969753854
feature_extraction_Inception_use_augmentation_,Inception,feature_extractor,xgboost,False,False,False,False,6.0,0.8256819693945442,0.7682192766969627,0.6138760142050462,0.674719846920539
feature_extraction_Inception_use_augmentation_,Inception,feature_extractor,xgboost,False,False,False,False,7.0,0.8256819693945442,0.7647772223820899,0.6124387915704569,0.6725267379708869
feature_extraction_Inception_use_augmentation_,Inception,feature_extractor,xgboost,False,False,False,False,8.0,0.8256819693945442,0.7776930954607442,0.6131522184514295,0.6752910330353131
feature_extraction_Inception_use_augmentation_,Inception,feature_extractor,xgboost,False,False,False,False,9.0,0.8243512974051896,0.7756547149901881,0.6121444124734444,0.6738734936271022
feature_extraction_Inception_use_augmentation_,Inception,feature_extractor,xgboost,False,False,False,False,10.0,0.8263473053892215,0.781301905905696,0.6140180193172303,0.6772457836531179
feature_extraction_Inception_use_augmentation_use_feature_augmentation_,Inception,feature_extractor,adaboost,True,False,False,False,1.0,0.7897538256819694,0.5162708439724243,0.4006605888358754,0.4296076071412041
feature_extraction_Inception_use_augmentation_use_feature_augmentation_,Inception,feature_extractor,adaboost,True,False,False,False,2.0,0.7897538256819694,0.5162708439724243,0.4006605888358754,0.4296076071412041
feature_extraction_Inception_use_augmentation_use_feature_augmentation_,Inception,feature_extractor,adaboost,True,False,False,False,3.0,0.7897538256819694,0.5162708439724243,0.4006605888358754,0.4296076071412041
feature_extraction_Inception_use_augmentation_use_feature_augmentation_,Inception,feature_extractor,adaboost,True,False,False,False,4.0,0.7897538256819694,0.5162708439724243,0.4006605888358754,0.4296076071412041
feature_extraction_Inception_use_augmentation_use_feature_augmentation_,Inception,feature_extractor,adaboost,True,False,False,False,5.0,0.7897538256819694,0.5162708439724243,0.4006605888358754,0.4296076071412041
feature_extraction_Inception_use_augmentation_use_feature_augmentation_,Inception,feature_extractor,adaboost,True,False,False,False,6.0,0.7897538256819694,0.5162708439724243,0.4006605888358754,0.4296076071412041
feature_extraction_Inception_use_augmentation_use_feature_augmentation_,Inception,feature_extractor,adaboost,True,False,False,False,7.0,0.7897538256819694,0.5162708439724243,0.4006605888358754,0.4296076071412041
feature_extraction_Inception_use_augmentation_use_feature_augmentation_,Inception,feature_extractor,adaboost,True,False,False,False,8.0,0.7897538256819694,0.5162708439724243,0.4006605888358754,0.4296076071412041
feature_extraction_Inception_use_augmentation_use_feature_augmentation_,Inception,feature_extractor,adaboost,True,False,False,False,9.0,0.7897538256819694,0.5162708439724243,0.4006605888358754,0.4296076071412041
feature_extraction_Inception_use_augmentation_use_feature_augmentation_,Inception,feature_extractor,adaboost,True,False,False,False,10.0,0.7897538256819694,0.5162708439724243,0.4006605888358754,0.4296076071412041
feature_extraction_Inception_use_augmentation_use_feature_augmentation_,Inception,feature_extractor,extratrees,True,False,False,False,1.0,0.8343313373253493,0.7067399252001859,0.7028819502350407,0.7030600769955492
feature_extraction_Inception_use_augmentation_use_feature_augmentation_,Inception,feature_extractor,extratrees,True,False,False,False,2.0,0.83166999334664,0.7035938184323467,0.6963796090388221,0.6983480668687854
feature_extraction_Inception_use_augmentation_use_feature_augmentation_,Inception,feature_extractor,extratrees,True,False,False,False,3.0,0.8283433133732535,0.7078087197088218,0.698076340824287,0.700946466904182
feature_extraction_Inception_use_augmentation_use_feature_augmentation_,Inception,feature_extractor,extratrees,True,False,False,False,4.0,0.8290086493679308,0.6989500003682896,0.687162805175969,0.6911432197881444
feature_extraction_Inception_use_augmentation_use_feature_augmentation_,Inception,feature_extractor,extratrees,True,False,False,False,5.0,0.8296739853626082,0.7013046107101799,0.6952401668212974,0.6965335689408337
feature_extraction_Inception_use_augmentation_use_feature_augmentation_,Inception,feature_extractor,extratrees,True,False,False,False,6.0,0.83166999334664,0.7093290620047857,0.7089021258859903,0.7080524270600563
feature_extraction_Inception_use_augmentation_use_feature_augmentation_,Inception,feature_extractor,extratrees,True,False,False,False,7.0,0.8330006653359947,0.7054926230495634,0.6980801041524909,0.7002031850805454
feature_extraction_Inception_use_augmentation_use_feature_augmentation_,Inception,feature_extractor,extratrees,True,False,False,False,8.0,0.8296739853626082,0.6991803633548707,0.6876818685972719,0.6915253544791733
feature_extraction_Inception_use_augmentation_use_feature_augmentation_,Inception,feature_extractor,extratrees,True,False,False,False,9.0,0.8323353293413174,0.7058741017173034,0.6996617503703403,0.7009883560251529
feature_extraction_Inception_use_augmentation_use_feature_augmentation_,Inception,feature_extractor,extratrees,True,False,False,False,10.0,0.8290086493679308,0.7002501516302647,0.6916612279216905,0.6944903367018976
feature_extraction_Inception_use_augmentation_use_feature_augmentation_,Inception,feature_extractor,randomforest,True,False,False,False,1.0,0.8389886892880905,0.7319337398495949,0.7034178812168678,0.7152660054673582
feature_extraction_Inception_use_augmentation_use_feature_augmentation_,Inception,feature_extractor,randomforest,True,False,False,False,2.0,0.8369926813040586,0.7251537127337119,0.6988726118298533,0.709804335710146
feature_extraction_Inception_use_augmentation_use_feature_augmentation_,Inception,feature_extractor,randomforest,True,False,False,False,3.0,0.8349966733200266,0.7161680893778505,0.6928590131903166,0.7028868944267138
feature_extraction_Inception_use_augmentation_use_feature_augmentation_,Inception,feature_extractor,randomforest,True,False,False,False,4.0,0.8376580172987359,0.7218952779006009,0.6972099191176614,0.7074467931743136
feature_extraction_Inception_use_augmentation_use_feature_augmentation_,Inception,feature_extractor,randomforest,True,False,False,False,5.0,0.8356620093147039,0.7214374690717122,0.6975076995347261,0.7072189220314027
feature_extraction_Inception_use_augmentation_use_feature_augmentation_,Inception,feature_extractor,randomforest,True,False,False,False,6.0,0.8363273453093812,0.7191482452012229,0.7039105764145581,0.7100383308605974
feature_extraction_Inception_use_augmentation_use_feature_augmentation_,Inception,feature_extractor,randomforest,True,False,False,False,7.0,0.8343313373253493,0.7167565949867961,0.6961332041202668,0.704466996202602
feature_extraction_Inception_use_augmentation_use_feature_augmentation_,Inception,feature_extractor,randomforest,True,False,False,False,8.0,0.8383233532934131,0.7210969768000556,0.7008699045116107,0.7088890943340124
feature_extraction_Inception_use_augmentation_use_feature_augmentation_,Inception,feature_extractor,randomforest,True,False,False,False,9.0,0.8363273453093812,0.7204866005227161,0.6987098689723806,0.7075114195452125
feature_extraction_Inception_use_augmentation_use_feature_augmentation_,Inception,feature_extractor,randomforest,True,False,False,False,10.0,0.8396540252827678,0.7272280044440779,0.7001333214142733,0.7116639239859375
feature_extraction_Inception_use_augmentation_use_feature_augmentation_,Inception,feature_extractor,xgboost,True,False,False,False,1.0,0.8303393213572854,0.7075218592976109,0.6968435175418234,0.7001750731274745
feature_extraction_Inception_use_augmentation_use_feature_augmentation_,Inception,feature_extractor,xgboost,True,False,False,False,2.0,0.8296739853626082,0.6998867990241967,0.6962641453714667,0.6962718449411816
feature_extraction_Inception_use_augmentation_use_feature_augmentation_,Inception,feature_extractor,xgboost,True,False,False,False,3.0,0.8330006653359947,0.7072760116724927,0.7022649566672831,0.7029361668127266
feature_extraction_Inception_use_augmentation_use_feature_augmentation_,Inception,feature_extractor,xgboost,True,False,False,False,4.0,0.8323353293413174,0.7061684716985831,0.6986360778912667,0.6999168512541185
feature_extraction_Inception_use_augmentation_use_feature_augmentation_,Inception,feature_extractor,xgboost,True,False,False,False,5.0,0.8330006653359947,0.7090957594548221,0.69229031797754,0.698426521478855
feature_extraction_Inception_use_augmentation_use_feature_augmentation_,Inception,feature_extractor,xgboost,True,False,False,False,6.0,0.8323353293413174,0.7074024616239555,0.7000533485338796,0.701727504466621
feature_extraction_Inception_use_augmentation_use_feature_augmentation_,Inception,feature_extractor,xgboost,True,False,False,False,7.0,0.833666001330672,0.7079292426657989,0.7014174750756946,0.7025728915848723
feature_extraction_Inception_use_augmentation_use_feature_augmentation_,Inception,feature_extractor,xgboost,True,False,False,False,8.0,0.8303393213572854,0.6997950248165818,0.6940700707589637,0.6954109385796653
feature_extraction_Inception_use_augmentation_use_feature_augmentation_,Inception,feature_extractor,xgboost,True,False,False,False,9.0,0.8343313373253493,0.708297249963536,0.7053224136745108,0.7048909565125961
feature_extraction_Inception_use_augmentation_use_feature_augmentation_,Inception,feature_extractor,xgboost,True,False,False,False,10.0,0.8330006653359947,0.701970961054959,0.7008880427817473,0.6999399044627366
feature_extraction_ResNet_use_augmentation_,Resnet,feature_extractor,adaboost,False,False,False,False,1.0,0.8429807052561543,0.5459765358605391,0.4978688886175896,0.5098981137245798
feature_extraction_ResNet_use_augmentation_,Resnet,feature_extractor,adaboost,False,False,False,False,2.0,0.8429807052561543,0.5459765358605391,0.4978688886175896,0.5098981137245798
feature_extraction_ResNet_use_augmentation_,Resnet,feature_extractor,adaboost,False,False,False,False,3.0,0.8429807052561543,0.5459765358605391,0.4978688886175896,0.5098981137245798
feature_extraction_ResNet_use_augmentation_,Resnet,feature_extractor,adaboost,False,False,False,False,4.0,0.8429807052561543,0.5459765358605391,0.4978688886175896,0.5098981137245798
feature_extraction_ResNet_use_augmentation_,Resnet,feature_extractor,adaboost,False,False,False,False,5.0,0.8429807052561543,0.5459765358605391,0.4978688886175896,0.5098981137245798
feature_extraction_ResNet_use_augmentation_,Resnet,feature_extractor,adaboost,False,False,False,False,6.0,0.8429807052561543,0.5459765358605391,0.4978688886175896,0.5098981137245798
feature_extraction_ResNet_use_augmentation_,Resnet,feature_extractor,adaboost,False,False,False,False,7.0,0.8429807052561543,0.5459765358605391,0.4978688886175896,0.5098981137245798
feature_extraction_ResNet_use_augmentation_,Resnet,feature_extractor,adaboost,False,False,False,False,8.0,0.8429807052561543,0.5459765358605391,0.4978688886175896,0.5098981137245798
feature_extraction_ResNet_use_augmentation_,Resnet,feature_extractor,adaboost,False,False,False,False,9.0,0.8429807052561543,0.5459765358605391,0.4978688886175896,0.5098981137245798
feature_extraction_ResNet_use_augmentation_,Resnet,feature_extractor,adaboost,False,False,False,False,10.0,0.8429807052561543,0.5459765358605391,0.4978688886175896,0.5098981137245798
feature_extraction_ResNet_use_augmentation_,Resnet,feature_extractor,extratrees,False,False,False,False,1.0,0.8829008649367931,0.8745166004406338,0.7567160892631607,0.8052610315927741
feature_extraction_ResNet_use_augmentation_,Resnet,feature_extractor,extratrees,False,False,False,False,2.0,0.8875582168995343,0.8788371423623377,0.7623082216476612,0.8097972121866358
feature_extraction_ResNet_use_augmentation_,Resnet,feature_extractor,extratrees,False,False,False,False,3.0,0.886892880904857,0.8780863411828177,0.7593824008799732,0.8079610784882366
feature_extraction_ResNet_use_augmentation_,Resnet,feature_extractor,extratrees,False,False,False,False,4.0,0.8875582168995343,0.8796845396135076,0.7630112796559895,0.8108592359826243
feature_extraction_ResNet_use_augmentation_,Resnet,feature_extractor,extratrees,False,False,False,False,5.0,0.886892880904857,0.8750020317075631,0.7598301368107901,0.8071845941020086
feature_extraction_ResNet_use_augmentation_,Resnet,feature_extractor,extratrees,False,False,False,False,6.0,0.8875582168995343,0.8793094446333712,0.7592690839146459,0.8083405196178445
feature_extraction_ResNet_use_augmentation_,Resnet,feature_extractor,extratrees,False,False,False,False,7.0,0.884896872920825,0.8757300056689197,0.757529531781476,0.8057563684556236
feature_extraction_ResNet_use_augmentation_,Resnet,feature_extractor,extratrees,False,False,False,False,8.0,0.8855622089155023,0.8780660452747399,0.7573851081982159,0.806910889067003
feature_extraction_ResNet_use_augmentation_,Resnet,feature_extractor,extratrees,False,False,False,False,9.0,0.8862275449101796,0.8749150140010833,0.7610139869742321,0.8080233860736774
feature_extraction_ResNet_use_augmentation_,Resnet,feature_extractor,extratrees,False,False,False,False,10.0,0.8862275449101796,0.8763463629971424,0.7617585204731376,0.8088317814435338
feature_extraction_ResNet_use_augmentation_,Resnet,feature_extractor,randomforest,False,False,False,False,1.0,0.8875582168995343,0.8887239451534937,0.7625635437251725,0.8146290305511749
feature_extraction_ResNet_use_augmentation_,Resnet,feature_extractor,randomforest,False,False,False,False,2.0,0.8822355289421158,0.8815518236944059,0.7516499878525551,0.8048965979616706
feature_extraction_ResNet_use_augmentation_,Resnet,feature_extractor,randomforest,False,False,False,False,3.0,0.886892880904857,0.8876140415474085,0.7609946848510435,0.8126991505423842
feature_extraction_ResNet_use_augmentation_,Resnet,feature_extractor,randomforest,False,False,False,False,4.0,0.8882235528942116,0.8918781018587699,0.7620024908290283,0.8151401011632465
feature_extraction_ResNet_use_augmentation_,Resnet,feature_extractor,randomforest,False,False,False,False,5.0,0.886892880904857,0.8906223307607222,0.7617184806046603,0.8145909095191641
feature_extraction_ResNet_use_augmentation_,Resnet,feature_extractor,randomforest,False,False,False,False,6.0,0.8875582168995343,0.8889525170471126,0.7601472032594551,0.812970611870486
feature_extraction_ResNet_use_augmentation_,Resnet,feature_extractor,randomforest,False,False,False,False,7.0,0.8862275449101796,0.8905250489073671,0.7605869887887039,0.8139787409182709
feature_extraction_ResNet_use_augmentation_,Resnet,feature_extractor,randomforest,False,False,False,False,8.0,0.8855622089155023,0.8881001795670436,0.7580079054655137,0.8112867807243351
feature_extraction_ResNet_use_augmentation_,Resnet,feature_extractor,randomforest,False,False,False,False,9.0,0.8842315369261478,0.8834004841688102,0.757387526669292,0.8090077412183136
feature_extraction_ResNet_use_augmentation_,Resnet,feature_extractor,randomforest,False,False,False,False,10.0,0.8855622089155023,0.8877718337258983,0.7562946230081246,0.810545023588431
feature_extraction_ResNet_use_augmentation_,Resnet,feature_extractor,xgboost,False,False,False,False,1.0,0.8842315369261478,0.8736001754660989,0.7492183591157975,0.8008275098877903
feature_extraction_ResNet_use_augmentation_,Resnet,feature_extractor,xgboost,False,False,False,False,2.0,0.8842315369261478,0.8696679375316586,0.7451689969337211,0.796865075852164
feature_extraction_ResNet_use_augmentation_,Resnet,feature_extractor,xgboost,False,False,False,False,3.0,0.8835662009314704,0.8717579751496803,0.745303051644337,0.7976445637552884
feature_extraction_ResNet_use_augmentation_,Resnet,feature_extractor,xgboost,False,False,False,False,4.0,0.8835662009314704,0.8723333648831747,0.7456497890888348,0.7982253242128321
feature_extraction_ResNet_use_augmentation_,Resnet,feature_extractor,xgboost,False,False,False,False,5.0,0.8815701929474384,0.8688484944550582,0.7427160179195786,0.7951184244433172
feature_extraction_ResNet_use_augmentation_,Resnet,feature_extractor,xgboost,False,False,False,False,6.0,0.884896872920825,0.8720691971345158,0.7445975751649326,0.7972088692000542
feature_extraction_ResNet_use_augmentation_,Resnet,feature_extractor,xgboost,False,False,False,False,7.0,0.8829008649367931,0.8708850046084528,0.7437341927702079,0.796312898328036
feature_extraction_ResNet_use_augmentation_,Resnet,feature_extractor,xgboost,False,False,False,False,8.0,0.8835662009314704,0.8749950050856551,0.7431524021287751,0.797396690095301
feature_extraction_ResNet_use_augmentation_,Resnet,feature_extractor,xgboost,False,False,False,False,9.0,0.884896872920825,0.8764141692403321,0.7455870618687052,0.7997286615736071
feature_extraction_ResNet_use_augmentation_,Resnet,feature_extractor,xgboost,False,False,False,False,10.0,0.8815701929474384,0.8700588188563533,0.7410131043348338,0.7944595565157193
feature_extraction_ResNet_use_augmentation_use_feature_augmentation_,Resnet,feature_extractor,adaboost,True,False,False,False,1.0,0.8323353293413174,0.5270254018728716,0.4648339031138653,0.4836913435359932
feature_extraction_ResNet_use_augmentation_use_feature_augmentation_,Resnet,feature_extractor,adaboost,True,False,False,False,2.0,0.8323353293413174,0.5270254018728716,0.4648339031138653,0.4836913435359932
feature_extraction_ResNet_use_augmentation_use_feature_augmentation_,Resnet,feature_extractor,adaboost,True,False,False,False,3.0,0.8323353293413174,0.5270254018728716,0.4648339031138653,0.4836913435359932
feature_extraction_ResNet_use_augmentation_use_feature_augmentation_,Resnet,feature_extractor,adaboost,True,False,False,False,4.0,0.8323353293413174,0.5270254018728716,0.4648339031138653,0.4836913435359932
feature_extraction_ResNet_use_augmentation_use_feature_augmentation_,Resnet,feature_extractor,adaboost,True,False,False,False,5.0,0.8323353293413174,0.5270254018728716,0.4648339031138653,0.4836913435359932
feature_extraction_ResNet_use_augmentation_use_feature_augmentation_,Resnet,feature_extractor,adaboost,True,False,False,False,6.0,0.8323353293413174,0.5270254018728716,0.4648339031138653,0.4836913435359932
feature_extraction_ResNet_use_augmentation_use_feature_augmentation_,Resnet,feature_extractor,adaboost,True,False,False,False,7.0,0.8323353293413174,0.5270254018728716,0.4648339031138653,0.4836913435359932
feature_extraction_ResNet_use_augmentation_use_feature_augmentation_,Resnet,feature_extractor,adaboost,True,False,False,False,8.0,0.8323353293413174,0.5270254018728716,0.4648339031138653,0.4836913435359932
feature_extraction_ResNet_use_augmentation_use_feature_augmentation_,Resnet,feature_extractor,adaboost,True,False,False,False,9.0,0.8323353293413174,0.5270254018728716,0.4648339031138653,0.4836913435359932
feature_extraction_ResNet_use_augmentation_use_feature_augmentation_,Resnet,feature_extractor,adaboost,True,False,False,False,10.0,0.8323353293413174,0.5270254018728716,0.4648339031138653,0.4836913435359932
feature_extraction_ResNet_use_augmentation_use_feature_augmentation_,Resnet,feature_extractor,extratrees,True,False,False,False,1.0,0.8922155688622755,0.8686726111907014,0.78746046313982,0.8207625702876796
feature_extraction_ResNet_use_augmentation_use_feature_augmentation_,Resnet,feature_extractor,extratrees,True,False,False,False,2.0,0.8895542248835662,0.8643329605143627,0.7844761022253665,0.8168332939942576
feature_extraction_ResNet_use_augmentation_use_feature_augmentation_,Resnet,feature_extractor,extratrees,True,False,False,False,3.0,0.8915502328675982,0.8659075746833498,0.7883286824766971,0.8196730307308281
feature_extraction_ResNet_use_augmentation_use_feature_augmentation_,Resnet,feature_extractor,extratrees,True,False,False,False,4.0,0.8882235528942116,0.8605471526294933,0.7807052183371661,0.8132579851479941
feature_extraction_ResNet_use_augmentation_use_feature_augmentation_,Resnet,feature_extractor,extratrees,True,False,False,False,5.0,0.8902195608782435,0.8607327324746825,0.7871359976105429,0.8167954321843262
feature_extraction_ResNet_use_augmentation_use_feature_augmentation_,Resnet,feature_extractor,extratrees,True,False,False,False,6.0,0.8902195608782435,0.8641720126979513,0.7818446605546907,0.8155348531248495
feature_extraction_ResNet_use_augmentation_use_feature_augmentation_,Resnet,feature_extractor,extratrees,True,False,False,False,7.0,0.8895542248835662,0.8632024715674638,0.7817130243151509,0.8148810196948573
feature_extraction_ResNet_use_augmentation_use_feature_augmentation_,Resnet,feature_extractor,extratrees,True,False,False,False,8.0,0.8908848968729208,0.8698244434321374,0.7843227453915619,0.8192971064968757
feature_extraction_ResNet_use_augmentation_use_feature_augmentation_,Resnet,feature_extractor,extratrees,True,False,False,False,9.0,0.8902195608782435,0.8633566440358688,0.7839046804565779,0.8161358165591178
feature_extraction_ResNet_use_augmentation_use_feature_augmentation_,Resnet,feature_extractor,extratrees,True,False,False,False,10.0,0.8895542248835662,0.8617657095497796,0.7834159378998959,0.8151581736823718
feature_extraction_ResNet_use_augmentation_use_feature_augmentation_,Resnet,feature_extractor,randomforest,True,False,False,False,1.0,0.8888888888888888,0.8708326166223613,0.7772800890444876,0.8157469969325647
feature_extraction_ResNet_use_augmentation_use_feature_augmentation_,Resnet,feature_extractor,randomforest,True,False,False,False,2.0,0.8888888888888888,0.868121096460791,0.775556437714454,0.8138755040219526
feature_extraction_ResNet_use_augmentation_use_feature_augmentation_,Resnet,feature_extractor,randomforest,True,False,False,False,3.0,0.8895542248835662,0.8681744336388978,0.7754016452585495,0.8138765848955548
feature_extraction_ResNet_use_augmentation_use_feature_augmentation_,Resnet,feature_extractor,randomforest,True,False,False,False,4.0,0.8888888888888888,0.866916242178611,0.7772593512991991,0.8141381932485551
feature_extraction_ResNet_use_augmentation_use_feature_augmentation_,Resnet,feature_extractor,randomforest,True,False,False,False,5.0,0.8902195608782435,0.8689280489794257,0.7782567884045396,0.8155181486817323
feature_extraction_ResNet_use_augmentation_use_feature_augmentation_,Resnet,feature_extractor,randomforest,True,False,False,False,6.0,0.8902195608782435,0.8716520139914324,0.7765538748197948,0.8157997926448278
feature_extraction_ResNet_use_augmentation_use_feature_augmentation_,Resnet,feature_extractor,randomforest,True,False,False,False,7.0,0.8842315369261478,0.8629811665634641,0.770984898651659,0.8084966173036235
feature_extraction_ResNet_use_augmentation_use_feature_augmentation_,Resnet,feature_extractor,randomforest,True,False,False,False,8.0,0.8888888888888888,0.8659246612907351,0.7751993313973118,0.812599029012798
feature_extraction_ResNet_use_augmentation_use_feature_augmentation_,Resnet,feature_extractor,randomforest,True,False,False,False,9.0,0.886892880904857,0.8667775828886211,0.777843560411708,0.8143726826718546
feature_extraction_ResNet_use_augmentation_use_feature_augmentation_,Resnet,feature_extractor,randomforest,True,False,False,False,10.0,0.8895542248835662,0.8680072410405898,0.7770546189668851,0.8143424039664865
feature_extraction_ResNet_use_augmentation_use_feature_augmentation_,Resnet,feature_extractor,xgboost,True,False,False,False,1.0,0.89354624085163,0.8671624241161572,0.7843678483258189,0.8189508881895051
feature_extraction_ResNet_use_augmentation_use_feature_augmentation_,Resnet,feature_extractor,xgboost,True,False,False,False,2.0,0.8942115768463074,0.8686860157081485,0.7939212302976294,0.824806055231433
feature_extraction_ResNet_use_augmentation_use_feature_augmentation_,Resnet,feature_extractor,xgboost,True,False,False,False,3.0,0.8922155688622755,0.8657773306389647,0.7932191551382773,0.8231653042981002
feature_extraction_ResNet_use_augmentation_use_feature_augmentation_,Resnet,feature_extractor,xgboost,True,False,False,False,4.0,0.8915502328675982,0.8655368213904463,0.7898663361850611,0.8210890558457361
feature_extraction_ResNet_use_augmentation_use_feature_augmentation_,Resnet,feature_extractor,xgboost,True,False,False,False,5.0,0.8902195608782435,0.8642417712371594,0.7878690435033038,0.8194082111468081
feature_extraction_ResNet_use_augmentation_use_feature_augmentation_,Resnet,feature_extractor,xgboost,True,False,False,False,6.0,0.8922155688622755,0.8650849414756386,0.7917923013763325,0.8217811957943626
feature_extraction_ResNet_use_augmentation_use_feature_augmentation_,Resnet,feature_extractor,xgboost,True,False,False,False,7.0,0.8928809048569527,0.8681062945769283,0.7915772001713741,0.8234860728916772
feature_extraction_ResNet_use_augmentation_use_feature_augmentation_,Resnet,feature_extractor,xgboost,True,False,False,False,8.0,0.8915502328675982,0.8666915825243338,0.7891425404314443,0.8214589120365468
feature_extraction_ResNet_use_augmentation_use_feature_augmentation_,Resnet,feature_extractor,xgboost,True,False,False,False,9.0,0.8922155688622755,0.8677533951590977,0.7934952149610773,0.8242635632689564
feature_extraction_ResNet_use_augmentation_use_feature_augmentation_,Resnet,feature_extractor,xgboost,True,False,False,False,10.0,0.8928809048569527,0.8670991093393579,0.7912001418622553,0.8226109503572497
feature_extraction_VGG19_use_augmentation_,Vgg19,feature_extractor,adaboost,False,False,False,False,1.0,0.825016633399867,0.5599494365323106,0.502097592603828,0.5189817846928311
feature_extraction_VGG19_use_augmentation_,Vgg19,feature_extractor,adaboost,False,False,False,False,2.0,0.825016633399867,0.5599494365323106,0.502097592603828,0.5189817846928311
feature_extraction_VGG19_use_augmentation_,Vgg19,feature_extractor,adaboost,False,False,False,False,3.0,0.825016633399867,0.5599494365323106,0.502097592603828,0.5189817846928311
feature_extraction_VGG19_use_augmentation_,Vgg19,feature_extractor,adaboost,False,False,False,False,4.0,0.825016633399867,0.5599494365323106,0.502097592603828,0.5189817846928311
feature_extraction_VGG19_use_augmentation_,Vgg19,feature_extractor,adaboost,False,False,False,False,5.0,0.825016633399867,0.5599494365323106,0.502097592603828,0.5189817846928311
feature_extraction_VGG19_use_augmentation_,Vgg19,feature_extractor,adaboost,False,False,False,False,6.0,0.825016633399867,0.5599494365323106,0.502097592603828,0.5189817846928311
feature_extraction_VGG19_use_augmentation_,Vgg19,feature_extractor,adaboost,False,False,False,False,7.0,0.825016633399867,0.5599494365323106,0.502097592603828,0.5189817846928311
feature_extraction_VGG19_use_augmentation_,Vgg19,feature_extractor,adaboost,False,False,False,False,8.0,0.825016633399867,0.5599494365323106,0.502097592603828,0.5189817846928311
feature_extraction_VGG19_use_augmentation_,Vgg19,feature_extractor,adaboost,False,False,False,False,9.0,0.825016633399867,0.5599494365323106,0.502097592603828,0.5189817846928311
feature_extraction_VGG19_use_augmentation_,Vgg19,feature_extractor,adaboost,False,False,False,False,10.0,0.825016633399867,0.5599494365323106,0.502097592603828,0.5189817846928311
feature_extraction_VGG19_use_augmentation_,Vgg19,feature_extractor,extratrees,False,False,False,False,1.0,0.8822355289421158,0.85074642698662,0.7666606902903395,0.8034173568078549
feature_extraction_VGG19_use_augmentation_,Vgg19,feature_extractor,extratrees,False,False,False,False,2.0,0.8829008649367931,0.850318321147242,0.7743506247539048,0.8076709420663061
feature_extraction_VGG19_use_augmentation_,Vgg19,feature_extractor,extratrees,False,False,False,False,3.0,0.8809048569527611,0.8475191642558585,0.7611972616900387,0.7989356629202584
feature_extraction_VGG19_use_augmentation_,Vgg19,feature_extractor,extratrees,False,False,False,False,4.0,0.8829008649367931,0.8484581257571294,0.7658235775713955,0.8018573471399241
feature_extraction_VGG19_use_augmentation_,Vgg19,feature_extractor,extratrees,False,False,False,False,5.0,0.8822355289421158,0.849557774258081,0.7655314074083555,0.8017747009141736
feature_extraction_VGG19_use_augmentation_,Vgg19,feature_extractor,extratrees,False,False,False,False,6.0,0.8815701929474384,0.8468069267936917,0.7565647842337012,0.7954438496133154
feature_extraction_VGG19_use_augmentation_,Vgg19,feature_extractor,extratrees,False,False,False,False,7.0,0.8829008649367931,0.8531960323011063,0.7660996373941954,0.8042303554527424
feature_extraction_VGG19_use_augmentation_,Vgg19,feature_extractor,extratrees,False,False,False,False,8.0,0.8829008649367931,0.8491829377062504,0.7609887862538202,0.7991464925697577
feature_extraction_VGG19_use_augmentation_,Vgg19,feature_extractor,extratrees,False,False,False,False,9.0,0.8842315369261478,0.8517525934623159,0.7621931646254473,0.8006655417738099
feature_extraction_VGG19_use_augmentation_,Vgg19,feature_extractor,extratrees,False,False,False,False,10.0,0.8809048569527611,0.8464089605249944,0.763889661978556,0.8001520190118939
feature_extraction_VGG19_use_augmentation_,Vgg19,feature_extractor,randomforest,False,False,False,False,1.0,0.8822355289421158,0.8680500786593225,0.7525564286774898,0.8016796367703748
feature_extraction_VGG19_use_augmentation_,Vgg19,feature_extractor,randomforest,False,False,False,False,2.0,0.8809048569527611,0.8483953520925352,0.7508248269458881,0.7924876389722719
feature_extraction_VGG19_use_augmentation_,Vgg19,feature_extractor,randomforest,False,False,False,False,3.0,0.8822355289421158,0.8562379772311408,0.7508431462201006,0.7963376345279917
feature_extraction_VGG19_use_augmentation_,Vgg19,feature_extractor,randomforest,False,False,False,False,4.0,0.8829008649367931,0.8675595895874361,0.7534222295432907,0.8017353003356094
feature_extraction_VGG19_use_augmentation_,Vgg19,feature_extractor,randomforest,False,False,False,False,5.0,0.8809048569527611,0.8648127950641173,0.7508351958185324,0.7988805493726009
feature_extraction_VGG19_use_augmentation_,Vgg19,feature_extractor,randomforest,False,False,False,False,6.0,0.8829008649367931,0.8627487203390686,0.754411716247063,0.8003382786337363
feature_extraction_VGG19_use_augmentation_,Vgg19,feature_extractor,randomforest,False,False,False,False,7.0,0.8822355289421158,0.8657389053680716,0.7532802244311068,0.801121630523814
feature_extraction_VGG19_use_augmentation_,Vgg19,feature_extractor,randomforest,False,False,False,False,8.0,0.8815701929474384,0.8534792993775452,0.7509668320580721,0.7951353059707025
feature_extraction_VGG19_use_augmentation_,Vgg19,feature_extractor,randomforest,False,False,False,False,9.0,0.8829008649367931,0.8582560746775824,0.7564717361489504,0.8004778530150496
feature_extraction_VGG19_use_augmentation_,Vgg19,feature_extractor,randomforest,False,False,False,False,10.0,0.8829008649367931,0.8575700345611164,0.754411716247063,0.7990636136483876
feature_extraction_VGG19_use_augmentation_,Vgg19,feature_extractor,xgboost,False,False,False,False,1.0,0.874251497005988,0.8657595737661333,0.7320748197526975,0.7868299514773606
feature_extraction_VGG19_use_augmentation_,Vgg19,feature_extractor,xgboost,False,False,False,False,2.0,0.8755821689953427,0.8665378752598958,0.7347855393154273,0.7886934897912499
feature_extraction_VGG19_use_augmentation_,Vgg19,feature_extractor,xgboost,False,False,False,False,3.0,0.874251497005988,0.8650920765905763,0.7320851886253419,0.7864334979188141
feature_extraction_VGG19_use_augmentation_,Vgg19,feature_extractor,xgboost,False,False,False,False,4.0,0.8749168330006654,0.8648328153894926,0.7336540474994709,0.7872932378326167
feature_extraction_VGG19_use_augmentation_,Vgg19,feature_extractor,xgboost,False,False,False,False,5.0,0.8755821689953427,0.8649100893710712,0.7317360327097678,0.7863041972836333
feature_extraction_VGG19_use_augmentation_,Vgg19,feature_extractor,xgboost,False,False,False,False,6.0,0.8755821689953427,0.8654544972220287,0.733796052611655,0.78778084595479
feature_extraction_VGG19_use_augmentation_,Vgg19,feature_extractor,xgboost,False,False,False,False,7.0,0.8735861610113107,0.8631815337205618,0.7298727947386263,0.7844021867013999
feature_extraction_VGG19_use_augmentation_,Vgg19,feature_extractor,xgboost,False,False,False,False,8.0,0.8749168330006654,0.8668288096282831,0.7339404761949152,0.7883356445527486
feature_extraction_VGG19_use_augmentation_,Vgg19,feature_extractor,xgboost,False,False,False,False,9.0,0.8762475049900199,0.8677851692040358,0.733938057723839,0.788852422445417
feature_extraction_VGG19_use_augmentation_,Vgg19,feature_extractor,xgboost,False,False,False,False,10.0,0.8762475049900199,0.8670180462954713,0.7363751359348452,0.7897619107652943
feature_extraction_VGG19_use_augmentation_use_feature_augmentation_,Vgg19,feature_extractor,adaboost,True,False,False,False,1.0,0.7977378576180971,0.4781695056151577,0.3516744070204197,0.3196173078013103
feature_extraction_VGG19_use_augmentation_use_feature_augmentation_,Vgg19,feature_extractor,adaboost,True,False,False,False,2.0,0.7977378576180971,0.4781695056151577,0.3516744070204197,0.3196173078013103
feature_extraction_VGG19_use_augmentation_use_feature_augmentation_,Vgg19,feature_extractor,adaboost,True,False,False,False,3.0,0.7977378576180971,0.4781695056151577,0.3516744070204197,0.3196173078013103
feature_extraction_VGG19_use_augmentation_use_feature_augmentation_,Vgg19,feature_extractor,adaboost,True,False,False,False,4.0,0.7977378576180971,0.4781695056151577,0.3516744070204197,0.3196173078013103
feature_extraction_VGG19_use_augmentation_use_feature_augmentation_,Vgg19,feature_extractor,adaboost,True,False,False,False,5.0,0.7977378576180971,0.4781695056151577,0.3516744070204197,0.3196173078013103
feature_extraction_VGG19_use_augmentation_use_feature_augmentation_,Vgg19,feature_extractor,adaboost,True,False,False,False,6.0,0.7977378576180971,0.4781695056151577,0.3516744070204197,0.3196173078013103
feature_extraction_VGG19_use_augmentation_use_feature_augmentation_,Vgg19,feature_extractor,adaboost,True,False,False,False,7.0,0.7977378576180971,0.4781695056151577,0.3516744070204197,0.3196173078013103
feature_extraction_VGG19_use_augmentation_use_feature_augmentation_,Vgg19,feature_extractor,adaboost,True,False,False,False,8.0,0.7977378576180971,0.4781695056151577,0.3516744070204197,0.3196173078013103
feature_extraction_VGG19_use_augmentation_use_feature_augmentation_,Vgg19,feature_extractor,adaboost,True,False,False,False,9.0,0.7977378576180971,0.4781695056151577,0.3516744070204197,0.3196173078013103
feature_extraction_VGG19_use_augmentation_use_feature_augmentation_,Vgg19,feature_extractor,adaboost,True,False,False,False,10.0,0.7977378576180971,0.4781695056151577,0.3516744070204197,0.3196173078013103
feature_extraction_VGG19_use_augmentation_use_feature_augmentation_,Vgg19,feature_extractor,extratrees,True,False,False,False,1.0,0.8882235528942116,0.8421871484237246,0.795314921516959,0.8161042368529839
feature_extraction_VGG19_use_augmentation_use_feature_augmentation_,Vgg19,feature_extractor,extratrees,True,False,False,False,2.0,0.8915502328675982,0.8512417372353885,0.80293838565649,0.8244452311357814
feature_extraction_VGG19_use_augmentation_use_feature_augmentation_,Vgg19,feature_extractor,extratrees,True,False,False,False,3.0,0.8882235528942116,0.8430187839526587,0.7948775544587866,0.816221256226923
feature_extraction_VGG19_use_augmentation_use_feature_augmentation_,Vgg19,feature_extractor,extratrees,True,False,False,False,4.0,0.8895542248835662,0.8433085704923524,0.798301700902489,0.8180941964920733
feature_extraction_VGG19_use_augmentation_use_feature_augmentation_,Vgg19,feature_extractor,extratrees,True,False,False,False,5.0,0.8908848968729208,0.847591135880408,0.8000229337614463,0.8211219974120683
feature_extraction_VGG19_use_augmentation_use_feature_augmentation_,Vgg19,feature_extractor,extratrees,True,False,False,False,6.0,0.8882235528942116,0.8451737468175268,0.7910234400375239,0.8144718346640254
feature_extraction_VGG19_use_augmentation_use_feature_augmentation_,Vgg19,feature_extractor,extratrees,True,False,False,False,7.0,0.8908848968729208,0.8437299270452308,0.8032239300507901,0.8212577151233834
feature_extraction_VGG19_use_augmentation_use_feature_augmentation_,Vgg19,feature_extractor,extratrees,True,False,False,False,8.0,0.8888888888888888,0.845229662592514,0.803808139163299,0.8225424499924181
feature_extraction_VGG19_use_augmentation_use_feature_augmentation_,Vgg19,feature_extractor,extratrees,True,False,False,False,9.0,0.8888888888888888,0.84313272206704,0.7981596957903048,0.8179255695405662
feature_extraction_VGG19_use_augmentation_use_feature_augmentation_,Vgg19,feature_extractor,extratrees,True,False,False,False,10.0,0.8902195608782435,0.8455380057265565,0.8048055762686397,0.8231023016639295
feature_extraction_VGG19_use_augmentation_use_feature_augmentation_,Vgg19,feature_extractor,randomforest,True,False,False,False,1.0,0.8908848968729208,0.8478284849530382,0.7955245110157245,0.8182618872506785
feature_extraction_VGG19_use_augmentation_use_feature_augmentation_,Vgg19,feature_extractor,randomforest,True,False,False,False,2.0,0.8908848968729208,0.8540223940929873,0.8013591579097167,0.8249949586153207
feature_extraction_VGG19_use_augmentation_use_feature_augmentation_,Vgg19,feature_extractor,randomforest,True,False,False,False,3.0,0.8895542248835662,0.848047393367049,0.7975882740215164,0.8200643696374309
feature_extraction_VGG19_use_augmentation_use_feature_augmentation_,Vgg19,feature_extractor,randomforest,True,False,False,False,4.0,0.8888888888888888,0.8480795634253265,0.7977930063538302,0.8201194219915209
feature_extraction_VGG19_use_augmentation_use_feature_augmentation_,Vgg19,feature_extractor,randomforest,True,False,False,False,5.0,0.8908848968729208,0.851154919218157,0.7931081705500072,0.8187563348705363
feature_extraction_VGG19_use_augmentation_use_feature_augmentation_,Vgg19,feature_extractor,randomforest,True,False,False,False,6.0,0.8922155688622755,0.8539850828640793,0.803080390768674,0.825898688309862
feature_extraction_VGG19_use_augmentation_use_feature_augmentation_,Vgg19,feature_extractor,randomforest,True,False,False,False,7.0,0.8888888888888888,0.8465514284411803,0.7992198601157753,0.8201368792993989
feature_extraction_VGG19_use_augmentation_use_feature_augmentation_,Vgg19,feature_extractor,randomforest,True,False,False,False,8.0,0.8895542248835662,0.8459334838648678,0.7938240159020558,0.816389450767363
feature_extraction_VGG19_use_augmentation_use_feature_augmentation_,Vgg19,feature_extractor,randomforest,True,False,False,False,9.0,0.8888888888888888,0.8482397944974338,0.7987824930576027,0.8206729719579149
feature_extraction_VGG19_use_augmentation_use_feature_augmentation_,Vgg19,feature_extractor,randomforest,True,False,False,False,10.0,0.8908848968729208,0.8480903263095675,0.7999323041477716,0.8210533363314624
feature_extraction_VGG19_use_augmentation_use_feature_augmentation_,Vgg19,feature_extractor,xgboost,True,False,False,False,1.0,0.8895542248835662,0.8464241579979757,0.7910298313739075,0.81526153938995
feature_extraction_VGG19_use_augmentation_use_feature_augmentation_,Vgg19,feature_extractor,xgboost,True,False,False,False,2.0,0.8882235528942116,0.8446363834360395,0.781681181734411,0.8088364122845888
feature_extraction_VGG19_use_augmentation_use_feature_augmentation_,Vgg19,feature_extractor,xgboost,True,False,False,False,3.0,0.8895542248835662,0.8470356452236592,0.7910298313739075,0.8155463897220817
feature_extraction_VGG19_use_augmentation_use_feature_augmentation_,Vgg19,feature_extractor,xgboost,True,False,False,False,4.0,0.8902195608782435,0.846560347513553,0.7890413733948625,0.8134085013025568
feature_extraction_VGG19_use_augmentation_use_feature_augmentation_,Vgg19,feature_extractor,xgboost,True,False,False,False,5.0,0.8882235528942116,0.8450603905071322,0.7883087429385334,0.8132327547741911
feature_extraction_VGG19_use_augmentation_use_feature_augmentation_,Vgg19,feature_extractor,xgboost,True,False,False,False,6.0,0.8875582168995343,0.8459197030164863,0.7864534553689602,0.8128062128070094
feature_extraction_VGG19_use_augmentation_use_feature_augmentation_,Vgg19,feature_extractor,xgboost,True,False,False,False,7.0,0.8888888888888888,0.8457783697716055,0.7902347081298047,0.8143556120761702
feature_extraction_VGG19_use_augmentation_use_feature_augmentation_,Vgg19,feature_extractor,xgboost,True,False,False,False,8.0,0.8902195608782435,0.8491944474303287,0.7919060011123528,0.8171231241790199
feature_extraction_VGG19_use_augmentation_use_feature_augmentation_,Vgg19,feature_extractor,xgboost,True,False,False,False,9.0,0.8895542248835662,0.8470022060486817,0.7900403446701352,0.8151664234751362
feature_extraction_VGG19_use_augmentation_use_feature_augmentation_,Vgg19,feature_extractor,xgboost,True,False,False,False,10.0,0.8895542248835662,0.8463725951017637,0.7910402002465519,0.8152297995398792
feature_extraction_Xception_use_augmentation_,Xception,feature_extractor,adaboost,False,False,False,False,1.0,0.7897538256819694,0.5155142936217086,0.4014177577023889,0.3999244545911394
feature_extraction_Xception_use_augmentation_,Xception,feature_extractor,adaboost,False,False,False,False,2.0,0.7897538256819694,0.5155142936217086,0.4014177577023889,0.3999244545911394
feature_extraction_Xception_use_augmentation_,Xception,feature_extractor,adaboost,False,False,False,False,3.0,0.7897538256819694,0.5155142936217086,0.4014177577023889,0.3999244545911394
feature_extraction_Xception_use_augmentation_,Xception,feature_extractor,adaboost,False,False,False,False,4.0,0.7897538256819694,0.5155142936217086,0.4014177577023889,0.3999244545911394
feature_extraction_Xception_use_augmentation_,Xception,feature_extractor,adaboost,False,False,False,False,5.0,0.7897538256819694,0.5155142936217086,0.4014177577023889,0.3999244545911394
feature_extraction_Xception_use_augmentation_,Xception,feature_extractor,adaboost,False,False,False,False,6.0,0.7897538256819694,0.5155142936217086,0.4014177577023889,0.3999244545911394
feature_extraction_Xception_use_augmentation_,Xception,feature_extractor,adaboost,False,False,False,False,7.0,0.7897538256819694,0.5155142936217086,0.4014177577023889,0.3999244545911394
feature_extraction_Xception_use_augmentation_,Xception,feature_extractor,adaboost,False,False,False,False,8.0,0.7897538256819694,0.5155142936217086,0.4014177577023889,0.3999244545911394
feature_extraction_Xception_use_augmentation_,Xception,feature_extractor,adaboost,False,False,False,False,9.0,0.7897538256819694,0.5155142936217086,0.4014177577023889,0.3999244545911394
feature_extraction_Xception_use_augmentation_,Xception,feature_extractor,adaboost,False,False,False,False,10.0,0.7897538256819694,0.5155142936217086,0.4014177577023889,0.3999244545911394
feature_extraction_Xception_use_augmentation_,Xception,feature_extractor,extratrees,False,False,False,False,1.0,0.8915502328675982,0.8668208945899467,0.7850204773687263,0.8218439899676176
feature_extraction_Xception_use_augmentation_,Xception,feature_extractor,extratrees,False,False,False,False,2.0,0.8928809048569527,0.8636604526786097,0.7853044875930945,0.8204333378641103
feature_extraction_Xception_use_augmentation_,Xception,feature_extractor,extratrees,False,False,False,False,3.0,0.8922155688622755,0.8654476799645138,0.7864883377565365,0.8219637971475979
feature_extraction_Xception_use_augmentation_,Xception,feature_extractor,extratrees,False,False,False,False,4.0,0.89354624085163,0.863508206634269,0.7858734908908067,0.8207570371913199
feature_extraction_Xception_use_augmentation_,Xception,feature_extractor,extratrees,False,False,False,False,5.0,0.8942115768463074,0.8703723165656697,0.7880152071558243,0.8249804403773334
feature_extraction_Xception_use_augmentation_,Xception,feature_extractor,extratrees,False,False,False,False,6.0,0.8948769128409847,0.8692786107458229,0.7972614226869018,0.8302220709592573
feature_extraction_Xception_use_augmentation_,Xception,feature_extractor,extratrees,False,False,False,False,7.0,0.8902195608782435,0.8598102714540481,0.7805050599816206,0.8162139764629295
feature_extraction_Xception_use_augmentation_,Xception,feature_extractor,extratrees,False,False,False,False,8.0,0.8908848968729208,0.8666625555081369,0.7803813741436489,0.8192495257611684
feature_extraction_Xception_use_augmentation_,Xception,feature_extractor,extratrees,False,False,False,False,9.0,0.8922155688622755,0.8637503557075263,0.7865893362428553,0.82133861166444
feature_extraction_Xception_use_augmentation_,Xception,feature_extractor,extratrees,False,False,False,False,10.0,0.8908848968729208,0.8600736788362544,0.7831548209265087,0.8176151511190329
feature_extraction_Xception_use_augmentation_,Xception,feature_extractor,randomforest,False,False,False,False,1.0,0.89354624085163,0.8831223116554013,0.7806842549631855,0.8263421360764867
feature_extraction_Xception_use_augmentation_,Xception,feature_extractor,randomforest,False,False,False,False,2.0,0.8915502328675982,0.8821418712094135,0.7802375018813448,0.8259307262445763
feature_extraction_Xception_use_augmentation_,Xception,feature_extractor,randomforest,False,False,False,False,3.0,0.8942115768463074,0.8863557883157636,0.7825291736601147,0.8287617693841433
feature_extraction_Xception_use_augmentation_,Xception,feature_extractor,randomforest,False,False,False,False,4.0,0.8922155688622755,0.8811217644642985,0.7796660801125562,0.8248414540269431
feature_extraction_Xception_use_augmentation_,Xception,feature_extractor,randomforest,False,False,False,False,5.0,0.8915502328675982,0.8784558612416984,0.7788002792467553,0.8234267139144329
feature_extraction_Xception_use_augmentation_,Xception,feature_extractor,randomforest,False,False,False,False,6.0,0.8928809048569527,0.8782637504993468,0.7791645502121539,0.8237379474057409
feature_extraction_Xception_use_augmentation_,Xception,feature_extractor,randomforest,False,False,False,False,7.0,0.8928809048569527,0.8862414240465546,0.7817974275049295,0.8283612513925959
feature_extraction_Xception_use_augmentation_,Xception,feature_extractor,randomforest,False,False,False,False,8.0,0.89354624085163,0.883308255726708,0.7881407689475802,0.8312473911451358
feature_extraction_Xception_use_augmentation_,Xception,feature_extractor,randomforest,False,False,False,False,9.0,0.8915502328675982,0.8808319574682618,0.778086852365783,0.8240255478000276
feature_extraction_Xception_use_augmentation_,Xception,feature_extractor,randomforest,False,False,False,False,10.0,0.8928809048569527,0.8853454306557976,0.7846033055385505,0.8296652871323197
feature_extraction_Xception_use_augmentation_,Xception,feature_extractor,xgboost,False,False,False,False,1.0,0.8795741849634066,0.8444167668087782,0.7623949147119162,0.7944756803735283
feature_extraction_Xception_use_augmentation_,Xception,feature_extractor,xgboost,False,False,False,False,2.0,0.8782435129740519,0.8487928064974508,0.7599602549719862,0.7948529969950361
feature_extraction_Xception_use_augmentation_,Xception,feature_extractor,xgboost,False,False,False,False,3.0,0.8789088489687292,0.8414462953618861,0.7551672435921484,0.789860014862325
feature_extraction_Xception_use_augmentation_,Xception,feature_extractor,xgboost,False,False,False,False,4.0,0.8795741849634066,0.8346472513760259,0.757032900034366,0.7883447138797852
feature_extraction_Xception_use_augmentation_,Xception,feature_extractor,xgboost,False,False,False,False,5.0,0.8795741849634066,0.8435228865673388,0.7616814878309437,0.7933455000585655
feature_extraction_Xception_use_augmentation_,Xception,feature_extractor,xgboost,False,False,False,False,6.0,0.8782435129740519,0.8327886708564998,0.7550252384799644,0.7860856205699072
feature_extraction_Xception_use_augmentation_,Xception,feature_extractor,xgboost,False,False,False,False,7.0,0.8782435129740519,0.8405166979417255,0.7606736818529587,0.7918809393000326
feature_extraction_Xception_use_augmentation_,Xception,feature_extractor,xgboost,False,False,False,False,8.0,0.8782435129740519,0.8415892879136957,0.7606736818529587,0.7920559084718685
feature_extraction_Xception_use_augmentation_,Xception,feature_extractor,xgboost,False,False,False,False,9.0,0.8782435129740519,0.8416824059461331,0.7606736818529587,0.7920343561899184
feature_extraction_Xception_use_augmentation_,Xception,feature_extractor,xgboost,False,False,False,False,10.0,0.8795741849634066,0.8441527851560833,0.7616711189582992,0.7940167378546628
feature_extraction_Xception_use_augmentation_use_feature_augmentation_,Xception,feature_extractor,adaboost,True,False,False,False,1.0,0.83166999334664,0.6929440412893901,0.4863286435652442,0.4961590459032971
feature_extraction_Xception_use_augmentation_use_feature_augmentation_,Xception,feature_extractor,adaboost,True,False,False,False,2.0,0.83166999334664,0.6929440412893901,0.4863286435652442,0.4961590459032971
feature_extraction_Xception_use_augmentation_use_feature_augmentation_,Xception,feature_extractor,adaboost,True,False,False,False,3.0,0.83166999334664,0.6929440412893901,0.4863286435652442,0.4961590459032971
feature_extraction_Xception_use_augmentation_use_feature_augmentation_,Xception,feature_extractor,adaboost,True,False,False,False,4.0,0.83166999334664,0.6929440412893901,0.4863286435652442,0.4961590459032971
feature_extraction_Xception_use_augmentation_use_feature_augmentation_,Xception,feature_extractor,adaboost,True,False,False,False,5.0,0.83166999334664,0.6929440412893901,0.4863286435652442,0.4961590459032971
feature_extraction_Xception_use_augmentation_use_feature_augmentation_,Xception,feature_extractor,adaboost,True,False,False,False,6.0,0.83166999334664,0.6929440412893901,0.4863286435652442,0.4961590459032971
feature_extraction_Xception_use_augmentation_use_feature_augmentation_,Xception,feature_extractor,adaboost,True,False,False,False,7.0,0.83166999334664,0.6929440412893901,0.4863286435652442,0.4961590459032971
feature_extraction_Xception_use_augmentation_use_feature_augmentation_,Xception,feature_extractor,adaboost,True,False,False,False,8.0,0.83166999334664,0.6929440412893901,0.4863286435652442,0.4961590459032971
feature_extraction_Xception_use_augmentation_use_feature_augmentation_,Xception,feature_extractor,adaboost,True,False,False,False,9.0,0.83166999334664,0.6929440412893901,0.4863286435652442,0.4961590459032971
feature_extraction_Xception_use_augmentation_use_feature_augmentation_,Xception,feature_extractor,adaboost,True,False,False,False,10.0,0.83166999334664,0.6929440412893901,0.4863286435652442,0.4961590459032971
feature_extraction_Xception_use_augmentation_use_feature_augmentation_,Xception,feature_extractor,extratrees,True,False,False,False,1.0,0.8882235528942116,0.82984050365514,0.8346267403076723,0.8311410946157746
feature_extraction_Xception_use_augmentation_use_feature_augmentation_,Xception,feature_extractor,extratrees,True,False,False,False,2.0,0.8928809048569527,0.830028099821614,0.8367216301556962,0.8325848007962108
feature_extraction_Xception_use_augmentation_use_feature_augmentation_,Xception,feature_extractor,extratrees,True,False,False,False,3.0,0.8915502328675982,0.8337434662632041,0.8402608621670139,0.8358319260817684
feature_extraction_Xception_use_augmentation_use_feature_augmentation_,Xception,feature_extractor,extratrees,True,False,False,False,4.0,0.8895542248835662,0.8286789972490085,0.8335745263837699,0.829919869297546
feature_extraction_Xception_use_augmentation_use_feature_augmentation_,Xception,feature_extractor,extratrees,True,False,False,False,5.0,0.8902195608782435,0.8306106041884486,0.8308519037784636,0.8292245887062298
feature_extraction_Xception_use_augmentation_use_feature_augmentation_,Xception,feature_extractor,extratrees,True,False,False,False,6.0,0.8915502328675982,0.8395490723666968,0.8426875715053758,0.8393990438529597
feature_extraction_Xception_use_augmentation_use_feature_augmentation_,Xception,feature_extractor,extratrees,True,False,False,False,7.0,0.8942115768463074,0.8301528936131507,0.8397687182902797,0.8339366384221804
feature_extraction_Xception_use_augmentation_use_feature_augmentation_,Xception,feature_extractor,extratrees,True,False,False,False,8.0,0.8922155688622755,0.8339457371636341,0.8411370319054592,0.8362383205667598
feature_extraction_Xception_use_augmentation_use_feature_augmentation_,Xception,feature_extractor,extratrees,True,False,False,False,9.0,0.8908848968729208,0.8321090890544269,0.8386920032928848,0.8340756602871646
feature_extraction_Xception_use_augmentation_use_feature_augmentation_,Xception,feature_extractor,extratrees,True,False,False,False,10.0,0.8895542248835662,0.8276442103576293,0.836358342039274,0.830638674296663
feature_extraction_Xception_use_augmentation_use_feature_augmentation_,Xception,feature_extractor,randomforest,True,False,False,False,1.0,0.8962075848303394,0.8387086705149063,0.8356277436455525,0.835716861649207
feature_extraction_Xception_use_augmentation_use_feature_augmentation_,Xception,feature_extractor,randomforest,True,False,False,False,2.0,0.895542248835662,0.8423341660548994,0.8327122917505088,0.8364525830515284
feature_extraction_Xception_use_augmentation_use_feature_augmentation_,Xception,feature_extractor,randomforest,True,False,False,False,3.0,0.8948769128409847,0.8390432554373791,0.8278074975752759,0.8325945132151221
feature_extraction_Xception_use_augmentation_use_feature_augmentation_,Xception,feature_extractor,randomforest,True,False,False,False,4.0,0.895542248835662,0.8383752715511913,0.8352200475832129,0.835496564761948
feature_extraction_Xception_use_augmentation_use_feature_augmentation_,Xception,feature_extractor,randomforest,True,False,False,False,5.0,0.8948769128409847,0.8384166394309789,0.8270940706943034,0.831854193256358
feature_extraction_Xception_use_augmentation_use_feature_augmentation_,Xception,feature_extractor,randomforest,True,False,False,False,6.0,0.895542248835662,0.8369917805165789,0.8347619427797516,0.8344813180046586
feature_extraction_Xception_use_augmentation_use_feature_augmentation_,Xception,feature_extractor,randomforest,True,False,False,False,7.0,0.89354624085163,0.836816165310231,0.833346440739427,0.8339216309239771
feature_extraction_Xception_use_augmentation_use_feature_augmentation_,Xception,feature_extractor,randomforest,True,False,False,False,8.0,0.8948769128409847,0.8380340884935581,0.8332733446466528,0.8346901639104605
feature_extraction_Xception_use_augmentation_use_feature_augmentation_,Xception,feature_extractor,randomforest,True,False,False,False,9.0,0.8968729208250167,0.838591491137743,0.83199644639846,0.8341636185765013
feature_extraction_Xception_use_augmentation_use_feature_augmentation_,Xception,feature_extractor,randomforest,True,False,False,False,10.0,0.895542248835662,0.8390915467136711,0.8354753696607241,0.8361230589843264
feature_extraction_Xception_use_augmentation_use_feature_augmentation_,Xception,feature_extractor,xgboost,True,False,False,False,1.0,0.8855622089155023,0.824837355480864,0.8351085153117622,0.8287399402854281
feature_extraction_Xception_use_augmentation_use_feature_augmentation_,Xception,feature_extractor,xgboost,True,False,False,False,2.0,0.8855622089155023,0.8236534561304442,0.8317226401342489,0.8266305740323574
feature_extraction_Xception_use_augmentation_use_feature_augmentation_,Xception,feature_extractor,xgboost,True,False,False,False,3.0,0.8862275449101796,0.8259671379557803,0.8360856835365265,0.8298584772953689
feature_extraction_Xception_use_augmentation_use_feature_augmentation_,Xception,feature_extractor,xgboost,True,False,False,False,4.0,0.886892880904857,0.8268893763207356,0.8357695838452492,0.8302027235131509
feature_extraction_Xception_use_augmentation_use_feature_augmentation_,Xception,feature_extractor,xgboost,True,False,False,False,5.0,0.8855622089155023,0.8244876447073147,0.8338836585224552,0.8280681425284797
feature_extraction_Xception_use_augmentation_use_feature_augmentation_,Xception,feature_extractor,xgboost,True,False,False,False,6.0,0.8855622089155023,0.8263510586880279,0.8335066002133363,0.8289176104111301
feature_extraction_Xception_use_augmentation_use_feature_augmentation_,Xception,feature_extractor,xgboost,True,False,False,False,7.0,0.8862275449101796,0.8249298252639561,0.8346380920292926,0.8286312952580376
feature_extraction_Xception_use_augmentation_use_feature_augmentation_,Xception,feature_extractor,xgboost,True,False,False,False,8.0,0.8855622089155023,0.8272194803111602,0.835556251242579,0.8302945531265207
feature_extraction_Xception_use_augmentation_use_feature_augmentation_,Xception,feature_extractor,xgboost,True,False,False,False,9.0,0.8882235528942116,0.828402427987805,0.8365116988730785,0.8313582004345124
feature_extraction_Xception_use_augmentation_use_feature_augmentation_,Xception,feature_extractor,xgboost,True,False,False,False,10.0,0.8875582168995343,0.8242820295833002,0.8322600228297644,0.8271885348934059
